{"payload":{"installed_packages":["absl-py==2.1.0","aiofiles==0.8.0","aiohttp==3.9.1","aiosignal==1.3.1","aiosqlite==0.19.0","albumentations==1.3.1","anyio==3.7.1","argon2-cffi-bindings==21.2.0","argon2-cffi==23.1.0","asttokens==2.4.1","async-lru==2.0.4","async-timeout==4.0.3","attrs==23.2.0","babel==2.14.0","backcall==0.2.0","beautifulsoup4==4.12.3","bleach==6.1.0","blinker==1.7.0","brotli==1.1.0","cachetools==5.3.2","certifi==2023.11.17","cffi==1.16.0","charset-normalizer==3.3.2","clearml==1.14.1","click==8.1.7","colorama==0.4.6","comet-ml==3.37.0","comm==0.2.1","configobj==5.0.8","contourpy==1.1.1","cycler==0.12.1","debugpy==1.8.0","decorator==5.1.1","defusedxml==0.7.1","dill==0.3.5.1","dulwich==0.21.7","entrypoints==0.4","everett==3.1.0","exceptiongroup==1.2.0","executing==2.0.1","fastjsonschema==2.19.1","filelock==3.13.1","flask-cors==4.0.0","flask==3.0.1","fonttools==4.47.2","from-root==1.0.2","frozenlist==1.4.1","fsspec==2023.12.2","furl==2.1.3","gdown==5.0.0","gevent==23.9.1","geventhttpclient==2.0.11","gitdb==4.0.11","gitpython==3.1.41","google-auth-oauthlib==1.0.0","google-auth==2.27.0","greenlet==3.0.3","grpcio==1.60.0","idna==3.6","imageio==2.33.1","importlib-metadata==7.0.1","importlib-resources==6.1.1","ipykernel==6.29.0","ipython==8.12.3","itsdangerous==2.1.2","jedi==0.19.1","jinja2==3.1.3","joblib==1.3.2","json5==0.9.14","jsonschema-specifications==2023.12.1","jsonschema==4.21.1","jupyter-client==8.6.0","jupyter-core==5.7.1","jupyter-lsp==2.2.2","jupyter-server-ydoc==0.1.14","jupyter-server==1.24.0","jupyter-ydoc==0.2.4","jupyterlab-pygments==0.3.0","jupyterlab-server==2.25.2","jupyterlab==4.0.0a30","kiwisolver==1.4.5","lazy-loader==0.3","markdown-it-py==3.0.0","markdown==3.5.2","markupsafe==2.1.4","matplotlib-inline==0.1.6","matplotlib==3.7.4","mdurl==0.1.2","mistune==3.0.2","mpmath==1.3.0","mss==9.0.1","multidict==6.0.4","nbclient==0.9.0","nbconvert==7.14.2","nbformat==5.9.2","nest-asyncio==1.6.0","networkx==3.1","notebook-shim==0.1.0","notebook==7.0.0a7","numpy==1.24.4","oauthlib==3.2.2","onnx==1.15.0","opencv-python-headless==4.9.0.80","opencv-python==4.9.0.80","orderedmultidict==1.0.1","packaging==23.2","pandas==2.0.3","pandocfilters==1.5.1","parso==0.8.3","pathlib2==2.3.7.post1","pickleshare==0.7.5","pillow==10.2.0","pip==23.3.1","pkgutil-resolve-name==1.3.10","platformdirs==4.1.0","prometheus-client==0.19.0","prompt-toolkit==3.0.43","protobuf==4.25.2","psutil==5.9.8","pure-eval==0.2.2","py-cpuinfo==9.0.0","pyasn1-modules==0.3.0","pyasn1==0.5.1","pycocotools==2.0.7","pycparser==2.21","pygments==2.17.2","pyjwt==2.8.0","pyparsing==3.1.1","pyrsistent==0.19.3","pysocks==1.7.1","python-box==6.1.0","python-dateutil==2.8.2","python-rapidjson==1.14","pytz==2023.3.post1","pywavelets==1.4.1","pywin32==306","pywinpty==2.0.12","pyyaml==6.0.1","pyzmq==25.1.2","qudida==0.0.4","referencing==0.32.1","requests-oauthlib==1.3.1","requests-toolbelt==1.0.0","requests==2.31.0","rich==13.7.0","rpds-py==0.17.1","rsa==4.9","scikit-image==0.21.0","scikit-learn==1.3.2","scipy==1.10.1","seaborn==0.13.2","semantic-version==2.10.0","send2trash==1.8.2","sentry-sdk==1.39.2","setuptools==69.0.3","simplejson==3.19.2","six==1.16.0","smmap==5.0.1","sniffio==1.3.0","soupsieve==2.5","stack-data==0.6.3","sympy==1.12","tensorboard-data-server==0.7.2","tensorboard==2.14.0","terminado==0.18.0","thop==0.1.1.post2209072238","threadpoolctl==3.2.0","tifffile==2023.7.10","tinycss2==1.2.1","tomli==2.0.1","torch==2.1.2","torchvision==0.16.2","tornado==6.4","tqdm==4.66.1","traitlets==5.14.1","tritonclient==2.24.0","typing-extensions==4.9.0","tzdata==2023.4","ultralytics==8.1.6","urllib3==2.1.0","wcwidth==0.2.13","webencodings==0.5.1","websocket-client==1.3.3","werkzeug==3.0.1","wheel==0.41.2","wrapt==1.16.0","wurlitzer==3.0.3","y-py==0.5.9","yarl==1.9.4","ypy-websocket==0.3.2","zipp==3.17.0","zope.event==5.0","zope.interface==6.1"],"local_timestamp":1706335649071,"message_id":1},"type":"ws_msg"}
{"payload":{"env_details":{"command":["train.py","--img","416","--batch","16","--epochs","1","--data","../data.yaml","--cfg","./models/custom_yolov5s.yaml","--weights","yolov5s.pt","--name","yolov5s_results","--cache"],"env":null,"hostname":"DESKTOP-M29U16B","ip":"192.168.0.107","machine":"AMD64","os":"Windows-10-10.0.22621-SP0","os_release":"10","os_type":"Windows","pid":14424,"processor":"AMD64 Family 23 Model 96 Stepping 1, AuthenticAMD","python_exe":"C:\\Users\\ACER\\miniconda2\\envs\\wastee\\python.exe","python_version":"3.8.18","python_version_verbose":"3.8.18 (default, Sep 11 2023, 13:39:12) [MSC v.1916 64 bit (AMD64)]","user":"ACER"},"local_timestamp":1706335649364,"message_id":2},"type":"ws_msg"}
{"payload":{"local_timestamp":1706335649752,"message_id":3,"param":{"paramName":"img","paramValue":416,"source":"cli","step":null}},"type":"parameter_msg"}
{"payload":{"local_timestamp":1706335649752,"message_id":4,"param":{"paramName":"batch","paramValue":16,"source":"cli","step":null}},"type":"parameter_msg"}
{"payload":{"local_timestamp":1706335649752,"message_id":5,"param":{"paramName":"epochs","paramValue":1,"source":"cli","step":null}},"type":"parameter_msg"}
{"payload":{"local_timestamp":1706335649752,"message_id":6,"param":{"paramName":"data","paramValue":"../data.yaml","source":"cli","step":null}},"type":"parameter_msg"}
{"payload":{"local_timestamp":1706335649752,"message_id":7,"param":{"paramName":"cfg","paramValue":"./models/custom_yolov5s.yaml","source":"cli","step":null}},"type":"parameter_msg"}
{"payload":{"local_timestamp":1706335649752,"message_id":8,"param":{"paramName":"weights","paramValue":"yolov5s.pt","source":"cli","step":null}},"type":"parameter_msg"}
{"payload":{"local_timestamp":1706335649752,"message_id":9,"param":{"paramName":"name","paramValue":"yolov5s_results","source":"cli","step":null}},"type":"parameter_msg"}
{"payload":{"local_timestamp":1706335649752,"message_id":10,"param":{"paramName":"cache","paramValue":true,"source":"cli","step":null}},"type":"parameter_msg"}
{"payload":{"local_timestamp":1706335649753,"message_id":11,"metric":{"epoch":null,"metricName":"sys.cpu.percent.avg","metricValue":0.0,"step":null}},"type":"metric_msg"}
{"payload":{"local_timestamp":1706335649753,"message_id":12,"metric":{"epoch":null,"metricName":"sys.ram.total","metricValue":7916019712,"step":null}},"type":"metric_msg"}
{"payload":{"local_timestamp":1706335649753,"message_id":13,"metric":{"epoch":null,"metricName":"sys.ram.used","metricValue":6791368704,"step":null}},"type":"metric_msg"}
{"payload":{"local_timestamp":1706335649753,"message_id":14,"metric":{"epoch":null,"metricName":"sys.ram.available","metricValue":1124651008,"step":null}},"type":"metric_msg"}
{"payload":{"local_timestamp":1706335649753,"message_id":15,"metric":{"epoch":null,"metricName":"sys.ram.percent.used","metricValue":85.8,"step":null}},"type":"metric_msg"}
{"payload":{"local_timestamp":1706335649753,"message_id":16,"metric":{"epoch":null,"metricName":"sys.load.avg","metricValue":0.0,"step":null}},"type":"metric_msg"}
{"payload":{"local_timestamp":1706335649754,"log_other":{"key":"offline_experiment","val":true},"message_id":17},"type":"ws_msg"}
{"payload":{"local_timestamp":1706335649756,"message_id":18,"stderr":true,"stdout":"Traceback (most recent call last):\n"},"type":"ws_msg"}
{"payload":{"local_timestamp":1706335649757,"message_id":19,"stderr":true,"stdout":"  File \"train.py\", line 642, in <module>\n"},"type":"ws_msg"}
{"payload":{"local_timestamp":1706335649757,"message_id":20,"stderr":true,"stdout":"    "},"type":"ws_msg"}
{"payload":{"local_timestamp":1706335649757,"message_id":21,"stderr":true,"stdout":"main(opt)"},"type":"ws_msg"}
{"payload":{"local_timestamp":1706335649757,"message_id":22,"stderr":true,"stdout":"\n"},"type":"ws_msg"}
{"payload":{"local_timestamp":1706335649757,"message_id":23,"stderr":true,"stdout":"  File \"train.py\", line 531, in main\n"},"type":"ws_msg"}
{"payload":{"local_timestamp":1706335649759,"message_id":24,"stderr":true,"stdout":"    "},"type":"ws_msg"}
{"payload":{"local_timestamp":1706335649759,"message_id":25,"stderr":true,"stdout":"train(opt.hyp, opt, device, callbacks)"},"type":"ws_msg"}
{"payload":{"local_timestamp":1706335649759,"message_id":26,"stderr":true,"stdout":"\n"},"type":"ws_msg"}
{"payload":{"local_timestamp":1706335649759,"message_id":27,"stderr":true,"stdout":"  File \"train.py\", line 96, in train\n"},"type":"ws_msg"}
{"payload":{"local_timestamp":1706335649759,"message_id":28,"stderr":true,"stdout":"    "},"type":"ws_msg"}
{"payload":{"local_timestamp":1706335649759,"message_id":29,"stderr":true,"stdout":"loggers = Loggers(save_dir, weights, opt, hyp, LOGGER)  # loggers instance"},"type":"ws_msg"}
{"payload":{"local_timestamp":1706335649759,"message_id":30,"stderr":true,"stdout":"\n"},"type":"ws_msg"}
{"payload":{"local_timestamp":1706335649759,"message_id":31,"stderr":true,"stdout":"  File \"C:\\Users\\ACER\\ETEwastedetection\\yolov5\\utils\\loggers\\__init__.py\", line 133, in __init__\n"},"type":"ws_msg"}
{"payload":{"local_timestamp":1706335649760,"message_id":32,"stderr":true,"stdout":"    "},"type":"ws_msg"}
{"payload":{"local_timestamp":1706335649760,"message_id":33,"stderr":true,"stdout":"self.comet_logger = CometLogger(self.opt, self.hyp)"},"type":"ws_msg"}
{"payload":{"local_timestamp":1706335649760,"message_id":34,"stderr":true,"stdout":"\n"},"type":"ws_msg"}
{"payload":{"local_timestamp":1706335649760,"message_id":35,"stderr":true,"stdout":"  File \"C:\\Users\\ACER\\ETEwastedetection\\yolov5\\utils\\loggers\\comet\\__init__.py\", line 97, in __init__\n"},"type":"ws_msg"}
{"payload":{"local_timestamp":1706335649762,"message_id":36,"stderr":true,"stdout":"    "},"type":"ws_msg"}
{"payload":{"local_timestamp":1706335649762,"message_id":37,"stderr":true,"stdout":"self.data_dict = self.check_dataset(self.opt.data)"},"type":"ws_msg"}
{"payload":{"local_timestamp":1706335649762,"message_id":38,"stderr":true,"stdout":"\n"},"type":"ws_msg"}
{"payload":{"local_timestamp":1706335649762,"message_id":39,"stderr":true,"stdout":"  File \"C:\\Users\\ACER\\ETEwastedetection\\yolov5\\utils\\loggers\\comet\\__init__.py\", line 234, in check_dataset\n"},"type":"ws_msg"}
{"payload":{"local_timestamp":1706335649763,"message_id":40,"stderr":true,"stdout":"    "},"type":"ws_msg"}
{"payload":{"local_timestamp":1706335649763,"message_id":41,"stderr":true,"stdout":"if data_config['path'].startswith(COMET_PREFIX):"},"type":"ws_msg"}
{"payload":{"local_timestamp":1706335649763,"message_id":42,"stderr":true,"stdout":"\n"},"type":"ws_msg"}
{"payload":{"local_timestamp":1706335649763,"message_id":43,"stderr":true,"stdout":"KeyError"},"type":"ws_msg"}
{"payload":{"local_timestamp":1706335649763,"message_id":44,"stderr":true,"stdout":": "},"type":"ws_msg"}
{"payload":{"local_timestamp":1706335649763,"message_id":45,"stderr":true,"stdout":"'path'"},"type":"ws_msg"}
{"payload":{"local_timestamp":1706335649763,"message_id":46,"stderr":true,"stdout":"\n"},"type":"ws_msg"}
{"payload":{"git_meta":{"branch":"refs/heads/main","origin":"https://github.com/aadarsha-5/ETEwastedetection.git","parent":"97e58de6f53efb6948edb402cf0af93228fdf71a","repo_name":"ETEwastedetection","root":"571908df3b72b67d0a8e672b2a5e1ca47fc16880","status":null,"user":"Aadarsha Thapa Magar"},"local_timestamp":1706335649848,"message_id":47},"type":"ws_msg"}
{"payload":{"additional_params":{"assetId":"cd4628199c414df0b7b00b1fe7cf62c0","context":null,"epoch":null,"extension":"yml","fileName":"conda-environment.yml","overwrite":false,"runId":null,"step":null,"type":"conda-environment-definition"},"clean":true,"file_path":"tmpzb5vsg3r","local_timestamp":1706335660664,"message_id":48,"metadata":{},"upload_type":"conda-environment-definition"},"type":"file_upload"}
{"payload":{"additional_params":{"assetId":"5c70d108c94145f9b46767029bae0fb8","context":null,"epoch":null,"extension":"txt","fileName":"conda-spec.txt","overwrite":false,"runId":null,"step":null,"type":"conda-specification"},"clean":true,"file_path":"tmpbt0jzqrz","local_timestamp":1706335661145,"message_id":49,"metadata":{},"upload_type":"conda-specification"},"type":"file_upload"}
{"payload":{"additional_params":{"assetId":"ad3cee8473124365b9d371356f4e3d1e","context":null,"epoch":null,"extension":"yml","fileName":"conda-info.yml","overwrite":false,"runId":null,"step":null,"type":"conda-info"},"clean":true,"file_path":"tmpkutlb3vz","local_timestamp":1706335661655,"message_id":50,"metadata":{},"upload_type":"conda-info"},"type":"file_upload"}
{"payload":{"local_timestamp":1706335661651,"message_id":51,"stderr":true,"stdout":"COMET INFO: ---------------------------------------------------------------------------------------\n"},"type":"ws_msg"}
{"payload":{"local_timestamp":1706335661651,"message_id":52,"stderr":true,"stdout":"COMET INFO: Comet.ml OfflineExperiment Summary\n"},"type":"ws_msg"}
{"payload":{"local_timestamp":1706335661651,"message_id":53,"stderr":true,"stdout":"COMET INFO: ---------------------------------------------------------------------------------------\n"},"type":"ws_msg"}
{"payload":{"local_timestamp":1706335661651,"message_id":54,"stderr":true,"stdout":"COMET INFO:   Data:\n"},"type":"ws_msg"}
{"payload":{"local_timestamp":1706335661651,"message_id":55,"stderr":true,"stdout":"COMET INFO:     display_summary_level : 1\n"},"type":"ws_msg"}
{"payload":{"local_timestamp":1706335661651,"message_id":56,"stderr":true,"stdout":"COMET INFO:     url                   : [OfflineExperiment will get URL after upload]\n"},"type":"ws_msg"}
{"payload":{"local_timestamp":1706335661652,"message_id":57,"stderr":true,"stdout":"COMET INFO:   Others:\n"},"type":"ws_msg"}
{"payload":{"local_timestamp":1706335661652,"message_id":58,"stderr":true,"stdout":"COMET INFO:     offline_experiment : True\n"},"type":"ws_msg"}
{"payload":{"local_timestamp":1706335661652,"message_id":59,"stderr":true,"stdout":"COMET INFO:   Uploads:\n"},"type":"ws_msg"}
{"payload":{"local_timestamp":1706335661652,"message_id":60,"stderr":true,"stdout":"COMET INFO:     conda-environment-definition : 1\n"},"type":"ws_msg"}
{"payload":{"local_timestamp":1706335661652,"message_id":61,"stderr":true,"stdout":"COMET INFO:     conda-info                   : 1\n"},"type":"ws_msg"}
{"payload":{"local_timestamp":1706335661652,"message_id":62,"stderr":true,"stdout":"COMET INFO:     conda-specification          : 1\n"},"type":"ws_msg"}
{"payload":{"local_timestamp":1706335661652,"message_id":63,"stderr":true,"stdout":"COMET INFO:     environment details          : 1\n"},"type":"ws_msg"}
{"payload":{"local_timestamp":1706335661652,"message_id":64,"stderr":true,"stdout":"COMET INFO:     git metadata                 : 1\n"},"type":"ws_msg"}
{"payload":{"local_timestamp":1706335661652,"message_id":65,"stderr":true,"stdout":"COMET INFO:     installed packages           : 1\n"},"type":"ws_msg"}
{"payload":{"local_timestamp":1706335661652,"message_id":66,"stderr":true,"stdout":"COMET INFO: \n"},"type":"ws_msg"}
{"payload":{"local_timestamp":1706335661653,"message_id":67,"stderr":true,"stdout":"COMET WARNING: Experiment Name is generated at upload time for Offline Experiments unless set explicitly with Experiment.set_name\n"},"type":"ws_msg"}
{"payload":{"local_timestamp":1706335661653,"message_id":68,"stderr":true,"stdout":"COMET WARNING: To get all data logged automatically, import comet_ml before the following modules: tensorboard, torch.\n"},"type":"ws_msg"}
{"payload":{"local_timestamp":1706335661653,"log_other":{"key":"sys.already_imported_modules","val":"[\"tensorboard\", \"torch\"]"},"message_id":69},"type":"ws_msg"}
